open,high,low,close,ema_rapida,ema_lenta,rsi,atr,Activo,Datetime
2.25785,2.26408,2.25506,2.26209,2.2585269230769236,2.25838137254902,100.0,0.0073300000000001185,GBPNZD,2025-05-22 07:00:00
2.2621,2.26738,2.26074,2.26363,2.258919467455622,2.2585872010765096,100.0,0.0072380000000001,GBPNZD,2025-05-22 11:00:00
2.26349,2.26681,2.26155,2.264,2.2593102776513434,2.25879946770096,100.0,0.006974266666666729,GBPNZD,2025-05-22 15:00:00
2.26378,2.27309,2.26374,2.2699,2.2601248716781632,2.2592347826930794,100.0,0.007291031111111162,GBPNZD,2025-05-22 19:00:00
2.2697,2.27607,2.2694,2.27309,2.2611221892413815,2.259778124548253,100.0,0.007208226962962971,GBPNZD,2025-05-22 23:00:00
2.27305,2.27582,2.27179,2.2729,2.2620281746843522,2.2602927078993016,98.46096073267104,0.00678446336790121,GBPNZD,2025-05-23 03:00:00
2.27281,2.27639,2.27003,2.2745,2.262987545862479,2.2608498566091333,98.64945944802378,0.006727868252181038,GBPNZD,2025-05-23 07:00:00
2.27449,2.27541,2.27107,2.27351,2.2637969654115193,2.2613463328205397,91.20588634926831,0.0064094858185569014,GBPNZD,2025-05-23 11:00:00
2.27328,2.27432,2.26674,2.26922,2.2642141219183256,2.2616551040824793,67.45387337622363,0.006565554376082638,GBPNZD,2025-05-23 15:00:00
2.26905,2.26961,2.26206,2.26742,2.2644607279246087,2.2618811784321857,60.3520557166775,0.006696813792604976,GBPNZD,2025-05-23 19:00:00
2.26728,2.26987,2.25829,2.26003,2.264119902699639,2.261808583199551,41.18190059564738,0.007347905286924302,GBPNZD,2025-05-23 23:00:00
2.26004,2.26211,2.25883,2.26069,2.263856064030436,2.261764717191726,42.925551204975754,0.006805517915334359,GBPNZD,2025-05-24 03:00:00
2.26124,2.26124,2.26124,2.26124,2.2636548283357874,2.2617441400469525,44.40462744666313,0.005971448859956451,GBPNZD,2025-05-24 07:00:00
2.25864,2.26179,2.25751,2.26156,2.263493687694573,2.2617369188686407,45.292936747384964,0.0057459223452956,GBPNZD,2025-05-26 07:00:00
2.26179,2.26194,2.25243,2.25483,2.262827250179606,2.2614660593051648,33.25743735313385,0.006247799365922871,GBPNZD,2025-05-26 11:00:00
2.25496,2.25709,2.25233,2.2538,2.262132846319637,2.2611654295284915,31.86199024891137,0.006049426117133109,GBPNZD,2025-05-26 15:00:00
2.25358,2.2558,2.25347,2.25516,2.2615964735258185,2.2609299224881587,35.69846466898919,0.005553502634848657,GBPNZD,2025-05-26 19:00:00
2.25513,2.25927,2.25342,2.25918,2.2614105909469098,2.260861298076858,45.471667418530885,0.005593035616868795,GBPNZD,2025-05-26 23:00:00
2.25891,2.26088,2.25856,2.25947,2.2612613147202247,2.260806737367962,46.10801786204425,0.00515663086795291,GBPNZD,2025-05-27 03:00:00
2.25948,2.26389,2.25634,2.26218,2.261331982818669,2.2608605908045125,51.77208738242112,0.005475746752225877,GBPNZD,2025-05-27 07:00:00
2.26219,2.26728,2.26157,2.267,2.26176798414031,2.2611013519494336,59.853922214009856,0.005506980518595775,GBPNZD,2025-05-27 11:00:00
2.26701,2.27235,2.26285,2.2716,2.262524293052594,2.2615130636376914,65.75236728342318,0.006039383116116347,GBPNZD,2025-05-27 15:00:00
2.27147,2.27692,2.26977,2.27234,2.263279347433164,2.2619376493773897,66.60246223793774,0.006187465367300863,GBPNZD,2025-05-27 19:00:00
2.27235,2.2767,2.27003,2.27065,2.2638463207075357,2.26227931018612,62.77040921694148,0.006251803318327379,GBPNZD,2025-05-27 23:00:00
2.2708,2.27233,2.26919,2.26945,2.264277372960802,2.262560513708233,60.12510107451376,0.0058368962092170806,GBPNZD,2025-05-28 03:00:00
2.26521,2.27411,2.26521,2.2732,2.2649637288868942,2.262977748464773,65.07795661736817,0.006245310047988095,GBPNZD,2025-05-28 07:00:00
2.27313,2.2774,2.25523,2.26477,2.2649488266648254,2.2630480328387037,50.03292913428176,0.008368602041589686,GBPNZD,2025-05-28 11:00:00
2.26487,2.26601,2.25847,2.26069,2.2646212246136854,2.262955560962676,44.65244236536412,0.008258121769377742,GBPNZD,2025-05-28 15:00:00
2.26088,2.2641,2.258,2.26136,2.2643703611818635,2.262892989944532,45.685397753136336,0.007970372200127376,GBPNZD,2025-05-28 19:00:00
2.2614,2.2648,2.25981,2.26195,2.2641841795524895,2.262856009946707,46.62998552031831,0.007572989240110429,GBPNZD,2025-05-28 23:00:00
2.26204,2.26213,2.25555,2.25674,2.2636115503561443,2.2626161664193853,40.012515742545816,0.007440590674762377,GBPNZD,2025-05-29 03:00:00
2.25639,2.25779,2.25161,2.25507,2.2629545080210565,2.2623202383245076,38.14391965124518,0.007272511918127403,GBPNZD,2025-05-29 07:00:00
2.25534,2.26742,2.25507,2.26162,2.2628518535578985,2.2622927779980566,48.33510384571833,0.007949510329043761,GBPNZD,2025-05-29 11:00:00
2.26162,2.26442,2.25568,2.25826,2.2624986340534448,2.2621346298412703,44.302775827237646,0.008054908951837922,GBPNZD,2025-05-29 15:00:00
2.25828,2.25898,2.25392,2.25459,2.2618902775877956,2.261838762004358,40.34381145661741,0.007655587758259572,GBPNZD,2025-05-29 19:00:00
2.25461,2.26023,2.25329,2.25565,2.261410256234888,2.2615960654551674,41.957144068574266,0.007560176057158318,GBPNZD,2025-05-29 23:00:00
2.25563,2.26144,2.25508,2.26088,2.261369467293743,2.2615679844569256,49.24981396505325,0.007400152582870532,GBPNZD,2025-05-30 03:00:00
2.25936,2.26237,2.24798,2.25584,2.260944123655763,2.261343357615478,43.568787792074346,0.008332132238487812,GBPNZD,2025-05-30 07:00:00
2.25576,2.2605,2.25481,2.25619,2.260578421836089,2.261141265159969,44.05143890143535,0.007979847940022766,GBPNZD,2025-05-30 11:00:00
2.25601,2.2631,2.25286,2.26264,2.2607370047717747,2.2612000390752645,52.17018538732659,0.008281201548019734,GBPNZD,2025-05-30 15:00:00
2.26258,2.26405,2.26022,2.26362,2.260958773635484,2.2612949395036854,53.27950960906062,0.0076877080082837996,GBPNZD,2025-05-30 19:00:00
2.26353,2.26412,2.2544,2.2573,2.260677329509678,2.261138275209423,45.88797848142212,0.007958680273845983,GBPNZD,2025-05-30 23:00:00
2.25734,2.25773,2.25309,2.25477,2.2602229195473953,2.2608885389267006,43.298371372371165,0.007516189570666546,GBPNZD,2025-05-31 03:00:00
2.25686,2.25686,2.25686,2.25686,2.259964233428365,2.2607305570080065,46.00898069463421,0.006792697627910996,GBPNZD,2025-05-31 07:00:00
2.25311,2.25475,2.24957,2.2505,2.2592362154723373,2.260329358693967,39.77733702165715,0.006859004610856229,GBPNZD,2025-06-02 07:00:00
2.25047,2.25055,2.24565,2.24978,2.2585088142821577,2.259915658353027,39.13117276826679,0.006597803996075415,GBPNZD,2025-06-02 11:00:00
2.24977,2.25361,2.24833,2.25153,2.2579719824142996,2.2595868090058495,41.61377891705375,0.006422096796598687,GBPNZD,2025-06-02 15:00:00
2.25153,2.25179,2.24724,2.24968,2.2573341376132,2.2591983066918946,39.76724714809487,0.006172483890385536,GBPNZD,2025-06-02 19:00:00
2.24965,2.25164,2.24406,2.24457,2.256352280873723,2.258624647605938,35.13026985349538,0.006360152705000787,GBPNZD,2025-06-02 23:00:00
2.24472,2.24555,2.24097,2.24451,2.255441336191129,2.2580711320135487,35.07854895096226,0.006122799011000716,GBPNZD,2025-06-03 03:00:00
2.24375,2.24512,2.23768,2.23847,2.2541358487918117,2.25730246016988,30.250347823591625,0.00629842580953394,GBPNZD,2025-06-03 07:00:00
2.23844,2.2495,2.23737,2.24841,2.2536953988847497,2.2569537362416496,43.92831277433701,0.0070759690349294115,GBPNZD,2025-06-03 11:00:00
2.24843,2.25814,2.24806,2.25288,2.2536326758936154,2.256793981879232,48.79156470945373,0.007476506496938806,GBPNZD,2025-06-03 15:00:00
2.25292,2.25364,2.24904,2.2525,2.253545546978722,2.256625590432988,48.40719090550898,0.007092972297346957,GBPNZD,2025-06-03 19:00:00
2.25265,2.25515,2.24965,2.25324,2.253522043364974,2.256492822180714,49.245713119791155,0.006880575991034038,GBPNZD,2025-06-03 23:00:00
2.25321,2.25395,2.25132,2.25281,2.2534672707984376,2.25634839778147,48.74989713882719,0.006313832525562821,GBPNZD,2025-06-04 03:00:00
2.25366,2.25546,2.24982,2.25342,2.253463634583173,2.2562335586527853,49.526258040603715,0.0062239881888210636,GBPNZD,2025-06-04 07:00:00
2.25343,2.25487,2.25068,2.25318,2.253441816538314,2.256113811254637,49.21040002693954,0.00595278976364491,GBPNZD,2025-06-04 11:00:00
2.25321,2.25486,2.25067,2.25142,2.253286292189213,2.2559297402250436,46.85069079278122,0.005717751128492245,GBPNZD,2025-06-04 15:00:00
2.2516,2.25248,2.246,2.24831,2.2529035004823506,2.255630926882885,42.933040656499585,0.005819384311359922,GBPNZD,2025-06-04 19:00:00
2.24849,2.25185,2.24658,2.24789,2.2525178465990927,2.2553273611227724,42.41718865995984,0.00574613306984531,GBPNZD,2025-06-04 23:00:00
2.24785,2.24919,2.24593,2.24799,2.252169550706855,2.2550396214708988,42.59404710053407,0.005414648660532607,GBPNZD,2025-06-05 03:00:00
2.2494,2.24964,2.24478,2.24639,2.251724969883251,2.254700420628903,40.45317741744377,0.005340695505794908,GBPNZD,2025-06-05 07:00:00
2.24645,2.24741,2.24318,2.24565,2.2512576645076163,2.2543455021728676,39.465188823398776,0.005192602771688885,GBPNZD,2025-06-05 11:00:00
2.24581,2.24879,2.24372,2.24598,2.250851690314723,2.254017443264128,40.166978746839014,0.005176255735463688,GBPNZD,2025-06-05 15:00:00
2.24599,2.24608,2.2412,2.24236,2.250198483367437,2.253560288626319,35.32852341313503,0.005136754970735195,GBPNZD,2025-06-05 19:00:00
2.24249,2.24854,2.23782,2.24783,2.2500162923391724,2.253335571425287,45.92777599294258,0.005881187641303844,GBPNZD,2025-06-05 23:00:00
2.248,2.24861,2.24637,2.2476,2.2498304236976976,2.2531106470556677,45.58943712813509,0.005395695955796667,GBPNZD,2025-06-06 03:00:00
2.24773,2.24969,2.24512,2.2467,2.2495896218747977,2.252859249131916,44.21677732673047,0.00528560316169047,GBPNZD,2025-06-06 07:00:00
2.24673,2.25125,2.24366,2.24433,2.2491850355767364,2.2525247687738017,40.73827837575972,0.005592856073465072,GBPNZD,2025-06-06 11:00:00
2.24429,2.24691,2.24084,2.24638,2.248969263609295,2.252283797449339,44.78455495863569,0.005656475263669762,GBPNZD,2025-06-06 15:00:00
2.24639,2.24809,2.24209,2.24653,2.2487816279470416,2.2520581583336785,45.0800387108725,0.005702278561847097,GBPNZD,2025-06-06 19:00:00
2.24655,2.25066,2.24586,2.24925,2.2488176565665,2.251948034477456,50.276384639397364,0.005581974753600807,GBPNZD,2025-06-06 23:00:00
2.24926,2.24935,2.24606,2.24753,2.248718606061385,2.2517747782234383,47.23299509457615,0.005276378119787398,GBPNZD,2025-06-07 03:00:00
2.24823,2.24823,2.24823,2.24823,2.24868102097974,2.251635767312715,48.596756219827455,0.004666194370482431,GBPNZD,2025-06-07 07:00:00
2.24666,2.24961,2.24568,2.24847,2.2486647885966833,2.251511619574962,49.08264800565759,0.004568035121084771,GBPNZD,2025-06-09 07:00:00
2.24846,2.24855,2.24423,2.24505,2.2483867279354,2.251258222728885,42.86468397668643,0.004534963771606786,GBPNZD,2025-06-09 11:00:00
2.24522,2.24621,2.23794,2.24026,2.2477615950172924,2.250826919876772,35.988093634611076,0.005032968602059215,GBPNZD,2025-06-09 15:00:00
2.24012,2.24213,2.23828,2.24052,2.2472045492467316,2.250422726940428,36.58280070660206,0.0048752394551179745,GBPNZD,2025-06-09 19:00:00
2.24064,2.242,2.23831,2.2401,2.2466580454585214,2.250017914119235,36.00094292966722,0.004717207527768936,GBPNZD,2025-06-09 23:00:00
2.2401,2.24067,2.23869,2.23997,2.246143580423251,2.2496238782714224,35.811081792385295,0.0043522465240664245,GBPNZD,2025-06-10 03:00:00
2.23992,2.24348,2.23733,2.23885,2.2455825357753088,2.24920137324117,34.14055981355919,0.004591946987524218,GBPNZD,2025-06-10 07:00:00
2.2387,2.24342,2.23587,2.23771,2.244976956100285,2.248750731153281,32.479753489389836,0.004986354055854346,GBPNZD,2025-06-10 11:00:00
2.23774,2.24265,2.23027,2.23137,2.243930267169494,2.248069133853152,25.151750236332646,0.005972173515073745,GBPNZD,2025-06-10 15:00:00
2.23134,2.23367,2.22935,2.2334,2.2431202466179947,2.247493873702048,30.55442668990888,0.005751883713063896,GBPNZD,2025-06-10 19:00:00
2.23353,2.23711,2.23262,2.23352,2.2423817661089185,2.246945878654909,30.872078038905883,0.005583632551322057,GBPNZD,2025-06-10 23:00:00
2.23364,2.23496,2.22907,2.2297,2.241406245639002,2.24626956968805,26.687257131658214,0.00562448154447911,GBPNZD,2025-06-11 03:00:00
2.23015,2.23238,2.22724,2.23069,2.2405819190513863,2.2456586061708714,29.359768980064644,0.005559884005215218,GBPNZD,2025-06-11 07:00:00
2.23086,2.23652,2.2296,2.23448,2.2401125406628184,2.245220229458288,38.58917591931143,0.005741232804519861,GBPNZD,2025-06-11 11:00:00
2.2345,2.23765,2.23239,2.23676,2.239854652919525,2.2448884557540416,43.38164430987748,0.005677068430583855,GBPNZD,2025-06-11 15:00:00
2.23678,2.24008,2.23262,2.23363,2.239375833464177,2.244446947685256,38.894253018041255,0.005914792639839345,GBPNZD,2025-06-11 19:00:00
2.23365,2.24371,2.23322,2.24217,2.2395907693515484,2.244357655619168,53.13756530444896,0.0065248202878607515,GBPNZD,2025-06-11 23:00:00
2.2422,2.24741,2.24067,2.24484,2.2399945563245067,2.2443765710850827,56.5477600583771,0.006553510916145951,GBPNZD,2025-06-12 03:00:00
2.24487,2.25213,2.24366,2.25144,2.2408749750687758,2.2446535682974327,63.59926540349521,0.006809042793993155,GBPNZD,2025-06-12 07:00:00
2.25145,2.25723,2.24795,2.25103,2.241656130832716,2.2449036244426317,62.91620860433228,0.0071385037547940615,GBPNZD,2025-06-12 11:00:00
2.25111,2.25258,2.24459,2.24814,2.2421548899994304,2.2450305411311557,58.17347838734984,0.007252036587488179,GBPNZD,2025-06-12 15:00:00
2.2481,2.25032,2.2421,2.24453,2.242337590768705,2.2450109120671886,52.81751181175703,0.0073810983758230446,GBPNZD,2025-06-12 19:00:00
2.24454,2.24719,2.23983,2.24174,2.2422916222480356,2.2448826410057303,49.05821792529576,0.007378285259046613,GBPNZD,2025-06-12 23:00:00
2.24195,2.24465,2.24031,2.24031,2.2421391897674177,2.2447033217506034,47.203741645977,0.0069731805578404,GBPNZD,2025-06-13 03:00:00
2.24196,2.25711,2.23908,2.2562,2.2432207905545396,2.245154171878031,63.64789769850396,0.008447423150128345,GBPNZD,2025-06-13 07:00:00
2.25615,2.25906,2.24414,2.25233,2.2439214989734215,2.245435576902422,58.84104747003527,0.009310433396777904,GBPNZD,2025-06-13 11:00:00
2.25241,2.25571,2.24918,2.25261,2.244589845206235,2.245716926827817,59.08182972764654,0.008939708943874204,GBPNZD,2025-06-13 15:00:00
2.25248,2.25665,2.25163,2.25246,2.245195241728833,2.2459813610698633,58.883097305496655,0.00841708108469098,GBPNZD,2025-06-13 19:00:00
2.25264,2.2534,2.24701,2.25152,2.2456817615958458,2.2461985625965353,57.576089351234735,0.008146803606732199,GBPNZD,2025-06-13 23:00:00
2.25139,2.25561,2.25071,2.25469,2.24637470301155,2.2465315601417695,60.7408749444631,0.007713896459167863,GBPNZD,2025-06-14 03:00:00
2.2559,2.2559,2.2559,2.2559,2.247107418164508,2.2468989499401317,61.908941074692635,0.006846710264612139,GBPNZD,2025-06-14 07:00:00
2.25428,2.25554,2.2484,2.24946,2.2472883859980075,2.246999383275813,52.889467517644626,0.006933815562663833,GBPNZD,2025-06-16 07:00:00
2.24957,2.25448,2.24887,2.25187,2.2476408178443146,2.2471903878532324,55.50212765100581,0.006757306820975308,GBPNZD,2025-06-16 11:00:00
2.25188,2.25467,2.24796,2.24851,2.2477076780101366,2.247242137349184,51.23588035160235,0.006750999244845266,GBPNZD,2025-06-16 15:00:00
2.24846,2.24974,2.24133,2.24161,2.247238625855511,2.2470212692178437,43.79161488473261,0.006972199345532568,GBPNZD,2025-06-16 19:00:00
2.24171,2.2436,2.23639,2.23863,2.2465764238666255,2.246692199836752,41.01962768784207,0.007003906099461521,GBPNZD,2025-06-16 23:00:00
2.23846,2.24163,2.23758,2.23924,2.246012083569193,2.246399956705899,41.83131316072739,0.006610051952866637,GBPNZD,2025-06-17 03:00:00
2.23928,2.24291,2.23677,2.24142,2.2456588463715628,2.24620466428606,44.75726246581467,0.00654737835915112,GBPNZD,2025-06-17 07:00:00
2.24131,2.24276,2.23598,2.23696,2.244989704342981,2.245842128431705,40.29188504273277,0.006578394577930972,GBPNZD,2025-06-17 11:00:00
2.23691,2.23821,2.23157,2.23286,2.244056650162752,2.245333025355952,36.66996518988732,0.00658660863420684,GBPNZD,2025-06-17 15:00:00
2.2328,2.23647,2.23112,2.23526,2.2433799847656175,2.244938004753758,40.066254938232994,0.006421727482979257,GBPNZD,2025-06-17 19:00:00
2.23512,2.23553,2.22891,2.23167,2.242479216706724,2.2444176908418463,36.88018038285277,0.006448163818582002,GBPNZD,2025-06-17 23:00:00
2.23139,2.23523,2.23071,2.23172,2.2416515846523604,2.2439197421813817,36.95537478152067,0.006191075309437716,GBPNZD,2025-06-18 03:00:00
2.22903,2.23403,2.22462,2.23096,2.2408291550637176,2.2434115169977984,36.24850708121121,0.0066202652681794025,GBPNZD,2025-06-18 07:00:00
2.23084,2.23132,2.2275,2.22777,2.239824604674201,2.2427981241743553,33.36382391010679,0.006246896565755503,GBPNZD,2025-06-18 11:00:00
2.22783,2.23328,2.22662,2.23214,2.239233481237724,2.2423801585204592,40.3651970226254,0.006301977023654784,GBPNZD,2025-06-18 15:00:00
2.23214,2.23364,2.23006,2.2308,2.2385847519117457,2.241926034656912,39.01164345964746,0.005939046753834135,GBPNZD,2025-06-18 19:00:00
2.231,2.23176,2.22612,2.22827,2.237791309456996,2.241390503886053,36.52153749661328,0.005899173853322929,GBPNZD,2025-06-18 23:00:00
2.22831,2.22868,2.22194,2.22569,2.236860439498766,2.240774797851306,34.129142802274956,0.006011284006213231,GBPNZD,2025-06-19 03:00:00
2.2262,2.22876,2.22211,2.22867,2.2362304056911686,2.240300099896353,39.092080093306464,0.0060964461387181396,GBPNZD,2025-06-19 07:00:00
2.22866,2.23793,2.22834,2.23638,2.236241912945694,2.240146370488653,49.659838466462816,0.006562253320222357,GBPNZD,2025-06-19 11:00:00
2.23644,2.24641,2.23629,2.2433,2.236784842719102,2.240270042234196,56.889651127552334,0.007036619544192727,GBPNZD,2025-06-19 15:00:00
2.24341,2.25088,2.24182,2.25038,2.237830624048402,2.240666511166188,62.7795273680833,0.00730640360496701,GBPNZD,2025-06-19 19:00:00
2.25037,2.25251,2.24584,2.25003,2.2387690375831406,2.24103370680673,62.326197085872934,0.007221549790971432,GBPNZD,2025-06-19 23:00:00
2.25007,2.25037,2.24502,2.24526,2.2392683423844377,2.241199443794701,56.3537224308036,0.0069720098188419625,GBPNZD,2025-06-20 03:00:00
2.24627,2.2507,2.24241,2.24681,2.239848469893327,2.2414194656066733,57.76985610673211,0.0071477418429963845,GBPNZD,2025-06-20 07:00:00
2.24671,2.25111,2.2457,2.24691,2.2403916645169177,2.2416347806809216,57.86484102695474,0.0069160429305969145,GBPNZD,2025-06-20 11:00:00
2.24706,2.25059,2.24413,2.2501,2.241138459554078,2.2419667500659832,60.887072929800034,0.006855237206517285,GBPNZD,2025-06-20 15:00:00
2.25001,2.25334,2.24804,2.25309,2.242057808819149,2.2424029559457486,63.52772504843702,0.006647872245648325,GBPNZD,2025-06-20 19:00:00
2.25308,2.25696,2.25251,2.25475,2.243034131217676,2.2428871537517976,64.94283206595533,0.006354822612895193,GBPNZD,2025-06-20 23:00:00
2.25474,2.25625,2.25213,2.25301,2.2438015057393934,2.2432841281144724,62.2178282018584,0.0060568462645091544,GBPNZD,2025-06-21 03:00:00
2.25518,2.25518,2.25518,2.25518,2.244676774528671,2.2437506328942973,64.23344592238365,0.005538600095907935,GBPNZD,2025-06-21 07:00:00
2.25334,2.2559,2.25097,2.2542,2.2454093303341582,2.2441604119964818,62.60898620585465,0.005457453416453527,GBPNZD,2025-06-23 07:00:00
2.25437,2.26696,2.2528,2.26433,2.2468647664623003,2.244951376231914,70.82301454534363,0.006617792960926384,GBPNZD,2025-06-23 11:00:00
2.26453,2.2694,2.26398,2.26824,2.2485090151959697,2.2458646555953683,73.26437184417586,0.006458087232802864,GBPNZD,2025-06-23 15:00:00
2.26837,2.27351,2.26734,2.27056,2.25020524479628,2.246833100473981,74.62129808443007,0.006419675601762483,GBPNZD,2025-06-23 19:00:00
2.27056,2.27399,2.26741,2.27108,2.251810995196566,2.247783959278923,74.92844570085289,0.0064410521881941565,GBPNZD,2025-06-23 23:00:00
2.27143,2.27162,2.26135,2.26144,2.252551687873753,2.2483194902875927,60.34723746290106,0.006951578563101573,GBPNZD,2025-06-24 03:00:00
2.26226,2.26557,2.25762,2.25912,2.2530569426526954,2.2487430396880796,57.44969283390363,0.007084701421354655,GBPNZD,2025-06-24 07:00:00
2.25914,2.26065,2.25467,2.25489,2.253197947064027,2.2489840969552137,52.50009518763495,0.00693740789850738,GBPNZD,2025-06-24 11:00:00
2.25502,2.25944,2.25178,2.25809,2.2535742588283325,2.2493411911922645,55.615455259328165,0.007033753512039729,GBPNZD,2025-06-24 15:00:00
2.2581,2.25817,2.2542,2.25753,2.2538785466107685,2.249662320949431,54.93641031477733,0.0066252530437677405,GBPNZD,2025-06-24 19:00:00
2.25772,2.26462,2.25725,2.26298,2.2545786584099403,2.2501845828729827,60.048821508314,0.006724552637932025,GBPNZD,2025-06-24 23:00:00
2.26282,2.26686,2.26262,2.26613,2.255467223147637,2.250809893348552,62.683908048202966,0.006393278952874395,GBPNZD,2025-06-25 03:00:00
2.26791,2.26846,2.26138,2.26222,2.255986667520896,2.251257348511354,57.604935456880874,0.006484841759157836,GBPNZD,2025-06-25 07:00:00
2.26212,2.26307,2.25463,2.25829,2.256163846942366,2.2515331387658106,52.9601123559815,0.0067455295246034285,GBPNZD,2025-06-25 11:00:00
2.25839,2.26252,2.25829,2.26085,2.2565243202544916,2.251898505873034,55.478438478894304,0.006410125587989603,GBPNZD,2025-06-25 15:00:00
2.26093,2.26247,2.25879,2.26068,2.256843987927223,2.2522428781917383,55.266844161299026,0.006046108842924339,GBPNZD,2025-06-25 19:00:00
2.26068,2.26377,2.25921,2.26276,2.2572990657789753,2.252655314341082,57.40733645379618,0.00584796099720111,GBPNZD,2025-06-25 23:00:00
2.26285,2.26403,2.26103,2.26137,2.257612214565208,2.252997066719863,55.496234758442164,0.005468232864240977,GBPNZD,2025-06-26 03:00:00
2.2629,2.26318,2.25913,2.26297,2.258024351906346,2.2533881621426137,57.260000017135184,0.005279135149008891,GBPNZD,2025-06-26 07:00:00
2.26315,2.26848,2.26115,2.26455,2.258526324836627,2.253825881274276,58.98850798171683,0.005552583795807654,GBPNZD,2025-06-26 11:00:00
2.26453,2.26945,2.26425,2.26566,2.2590750690799637,2.25428996436156,60.20610586057621,0.005505572623033283,GBPNZD,2025-06-26 15:00:00
2.2657,2.26826,2.26278,2.26494,2.2595262176122746,2.2547076128179695,58.98284734328805,0.005502162939962228,GBPNZD,2025-06-26 19:00:00
2.26508,2.26773,2.26256,2.26658,2.2600688162574842,2.2551731966290296,60.930073264835045,0.005457874547967222,GBPNZD,2025-06-26 23:00:00
2.26653,2.267,2.2634,2.26542,2.2604804457761394,2.255575032055342,58.80363002766043,0.0052101579415715985,GBPNZD,2025-06-27 03:00:00
2.26691,2.27045,2.26265,2.26289,2.260665796101052,2.2558618935433676,54.348533302014545,0.0055554702160287225,GBPNZD,2025-06-27 07:00:00
2.26299,2.26525,2.26181,2.26439,2.2609522733240484,2.256196329090687,56.4549635416117,0.005273407520558211,GBPNZD,2025-06-27 11:00:00
2.2646,2.26571,2.2614,2.26334,2.261135944606814,2.2564764730479148,54.55726315958259,0.005144953184483758,GBPNZD,2025-06-27 15:00:00
2.26324,2.26701,2.26244,2.26365,2.261329333483213,2.2567577878303493,55.03780378407573,0.005068292759885948,GBPNZD,2025-06-27 19:00:00
2.26369,2.26639,2.26007,2.2607,2.2612809232152737,2.256912384386022,49.6565086020196,0.005235187058567836,GBPNZD,2025-06-27 23:00:00
2.26071,2.26669,2.26019,2.26449,2.2615277752756375,2.2572095457826484,55.65536762489379,0.005403828784092118,GBPNZD,2025-06-28 03:00:00
2.26453,2.26453,2.26453,2.26453,2.26175871563905,2.257496622418623,55.71534453107819,0.00468865161287987,GBPNZD,2025-06-28 07:00:00
2.26329,2.26353,2.25967,2.26141,2.2617318913591236,2.257650088206128,50.03122239952986,0.004711498064495928,GBPNZD,2025-06-30 07:00:00
2.26148,2.26239,2.25876,2.26027,2.261619438177653,2.2577528298451037,48.100272277286514,0.004567298322563111,GBPNZD,2025-06-30 11:00:00
2.26024,2.26039,2.25577,2.25718,2.2612779429332184,2.2577303659296093,43.22999750818921,0.0045743252128880385,GBPNZD,2025-06-30 15:00:00
2.25702,2.2614,2.25622,2.25963,2.2611511780922013,2.25780486138335,47.74756597088596,0.0046550818511696575,GBPNZD,2025-06-30 19:00:00
2.2596,2.25967,2.25084,2.25179,2.2604310874697244,2.257568984466356,37.471598675479456,0.005211737604346993,GBPNZD,2025-06-30 23:00:00
2.2518,2.2526,2.2503,2.25197,2.259780234587438,2.2573494164480676,37.80256596244961,0.0048235059237673895,GBPNZD,2025-07-01 03:00:00
2.2526,2.25522,2.24876,2.25505,2.2594163703884043,2.2572592432540257,43.33000328929816,0.005041705133931755,GBPNZD,2025-07-01 07:00:00
2.2551,2.25878,2.25464,2.25504,2.259079726512373,2.257172214106809,43.31654347340101,0.0049214777827408,GBPNZD,2025-07-01 11:00:00
2.255,2.25572,2.25076,2.25219,2.258549747549883,2.2569768331614437,39.5461700100412,0.004926614078375371,GBPNZD,2025-07-01 15:00:00
2.25216,2.2536,2.2496,2.25238,2.2580751515845074,2.2567965651943283,39.921611509166155,0.004803065534591988,GBPNZD,2025-07-01 19:00:00
2.25241,2.25632,2.24993,2.25577,2.257897832231853,2.2567563077357273,46.32646809793984,0.005014656796646406,GBPNZD,2025-07-01 23:00:00
2.25594,2.25636,2.25034,2.25297,2.2575187682140183,2.2566078250794246,42.31394395924024,0.005148702557093541,GBPNZD,2025-07-02 03:00:00
2.25126,2.25531,2.24993,2.25177,2.2570765552744785,2.256418106448859,40.68743421744518,0.005179542216147758,GBPNZD,2025-07-02 07:00:00
2.25178,2.25505,2.25096,2.25181,2.2566714356379807,2.256237396392041,40.76916477237226,0.005034269920661411,GBPNZD,2025-07-02 11:00:00
2.25205,2.25711,2.25179,2.25446,2.2565013252042903,2.256167694572745,46.07104938545486,0.005072367264573192,GBPNZD,2025-07-02 15:00:00
2.25437,2.25908,2.2455,2.24711,2.255778915573191,2.25581249086401,36.35176895613721,0.0062067182959634525,GBPNZD,2025-07-02 19:00:00
2.24709,2.24729,2.2389,2.2425,2.2547574605290994,2.2552904323987546,31.81783761514832,0.006497822523168312,GBPNZD,2025-07-02 23:00:00
2.24225,2.24264,2.23658,2.23697,2.2533891943345536,2.2545719840693916,27.40263529137539,0.0064394461867458945,GBPNZD,2025-07-03 03:00:00
2.23627,2.24461,2.23505,2.2411,2.252443871693434,2.254043670968631,34.69149052047919,0.006855520028513111,GBPNZD,2025-07-03 07:00:00
2.24117,2.24646,2.24088,2.24499,2.251870496947785,2.2536886250482926,40.727828392182424,0.006685450691377989,GBPNZD,2025-07-03 11:00:00
2.24515,2.25,2.24494,2.24824,2.2515912279518018,2.2534749534777716,45.27854555025369,0.006468723932527569,GBPNZD,2025-07-03 15:00:00
2.24823,2.25509,2.24678,2.25353,2.2517403642632017,2.253477112164918,51.76948948166493,0.006714227408190537,GBPNZD,2025-07-03 19:00:00
2.25341,2.25531,2.24779,2.24942,2.251561874704494,2.2533180097270784,47.09537526426634,0.006821663753765128,GBPNZD,2025-07-03 23:00:00
2.24956,2.25006,2.2472,2.24789,2.2512794228041484,2.2531051466005265,45.45026083829342,0.006293441919929789,GBPNZD,2025-07-04 03:00:00
2.24734,2.25054,2.24589,2.24737,2.25097869797306,2.2528802388907017,44.87649671165729,0.006074316330605793,GBPNZD,2025-07-04 07:00:00
2.2473,2.25367,2.2467,2.25178,2.2510403365905174,2.2528370922675367,50.57503312317135,0.006193740819858344,GBPNZD,2025-07-04 11:00:00
2.25174,2.25495,2.24922,2.25276,2.251172618391247,2.252834069041359,51.7682830293275,0.00613190871054387,GBPNZD,2025-07-04 15:00:00
2.25259,2.25305,2.24956,2.25072,2.251137801591921,2.25275116437307,49.11033378818351,0.0057796542158047165,GBPNZD,2025-07-04 19:00:00
2.25073,2.25504,2.25034,2.25385,2.2513464322386962,2.2527942559662835,53.09000473324802,0.005635700320364108,GBPNZD,2025-07-04 23:00:00
2.25387,2.25539,2.24856,2.25117,2.251332860528027,2.2527305596538802,49.51919831266922,0.00579494027764888,GBPNZD,2025-07-05 03:00:00
2.24957,2.24957,2.24957,2.24957,2.2511972558720252,2.252606616138042,47.46656569575841,0.005235614907295732,GBPNZD,2025-07-05 07:00:00
2.25459,2.25943,2.25379,2.25902,2.251799005420331,2.2528581213875305,58.427354142045715,0.005852199586322994,GBPNZD,2025-07-07 07:00:00
2.25902,2.26579,2.25694,2.26551,2.2528536973110747,2.2533542734899803,63.984957027376446,0.006251906308146569,GBPNZD,2025-07-07 11:00:00
2.26539,2.26648,2.26311,2.26629,2.2538872590563765,2.2538615568825304,64.59751636654919,0.00586765213372701,GBPNZD,2025-07-07 15:00:00
2.26624,2.27168,2.26522,2.27058,2.25517131605204,2.2545171821028234,67.8376259563417,0.005946631849230093,GBPNZD,2025-07-07 19:00:00
2.27057,2.2711,2.26594,2.26782,2.2561442917403447,2.255038861236046,63.79249986628759,0.0058417476026660885,GBPNZD,2025-07-07 23:00:00
2.26798,2.26918,2.26608,2.26821,2.2570724231449337,2.2555553764816914,64.1180944186477,0.005476181255643928,GBPNZD,2025-07-08 03:00:00
2.26928,2.27088,2.2639,2.26758,2.2578806982876314,2.2560269303451546,63.130500409932054,0.0056766904215580696,GBPNZD,2025-07-08 07:00:00
2.26765,2.26819,2.25989,2.26532,2.2584529522655057,2.256391364449266,59.584924358194606,0.006026465032017019,GBPNZD,2025-07-08 11:00:00
2.26551,2.26726,2.26038,2.26131,2.2586727251681595,2.2565842521179222,53.810181538037604,0.00614026969441472,GBPNZD,2025-07-08 15:00:00
2.2612,2.26211,2.2558,2.25875,2.2586786693859935,2.2566691834074155,50.4487306197049,0.006162900401826095,GBPNZD,2025-07-08 19:00:00
2.25877,2.2665,2.25729,2.2648,2.2591495409716864,2.256988038960066,57.24606321544563,0.006569180348249333,GBPNZD,2025-07-08 23:00:00
2.26459,2.26707,2.26278,2.26446,2.2595580378200184,2.2572810570400637,56.774709556136806,0.006265289635149439,GBPNZD,2025-07-09 03:00:00
2.26597,2.26767,2.26209,2.2672,2.2601458810646324,2.257670035195355,59.65754535083146,0.0061739176837961405,GBPNZD,2025-07-09 07:00:00
2.26739,2.2698,2.25907,2.26331,2.2603892748288916,2.257891210285733,54.137254792388035,0.006781395325956672,GBPNZD,2025-07-09 11:00:00
2.26347,2.26841,2.26186,2.26658,2.2608654844574385,2.258231947137273,57.682146877572144,0.0067505426158290934,GBPNZD,2025-07-09 15:00:00
2.26658,2.2723,2.26463,2.26948,2.261528139499174,2.2586730472495367,60.59132138782198,0.006873136933718557,GBPNZD,2025-07-09 19:00:00
2.26958,2.27052,2.26411,2.26641,2.261903667230007,2.2589764571613196,56.187676583712374,0.006811385342556057,GBPNZD,2025-07-09 23:00:00
2.26661,2.26744,2.26276,2.26289,2.261979538981545,2.2591299294295033,51.56057942784528,0.006527200630215252,GBPNZD,2025-07-10 03:00:00
2.26298,2.26715,2.25988,2.26565,2.262261882136811,2.259385618471484,54.70993428066159,0.006626240546186567,GBPNZD,2025-07-10 07:00:00
2.26586,2.26657,2.26361,2.26476,2.262454045049364,2.259596378531426,53.501959264221796,0.006137408473361731,GBPNZD,2025-07-10 11:00:00
2.26461,2.26569,2.26111,2.26263,2.262467580045567,2.2597153440792135,50.62125329440134,0.005929754010246867,GBPNZD,2025-07-10 15:00:00
2.26265,2.26292,2.25332,2.25715,2.2620585354266773,2.259614742350617,44.04983423366641,0.006419120142213929,GBPNZD,2025-07-10 19:00:00
2.25709,2.25971,2.25128,2.25225,2.261304032701548,2.2593259289251026,39.1552432981157,0.006687237456585426,GBPNZD,2025-07-10 23:00:00
2.25246,2.25333,2.24616,2.24705,2.260207568647583,2.258844519947648,34.74325299788521,0.006751605795707356,GBPNZD,2025-07-11 03:00:00
2.24861,2.25493,2.24591,2.25264,2.2596254479823847,2.2586012054398967,42.27355789503652,0.0070540583562797125,GBPNZD,2025-07-11 07:00:00
2.25272,2.25471,2.24757,2.25334,2.25914195198374,2.25839488365794,43.158116307719325,0.007065517242109104,GBPNZD,2025-07-11 11:00:00
2.2535,2.25526,2.24737,2.25128,2.2585371864465293,2.258115868612531,41.159296989611576,0.007175448276494521,GBPNZD,2025-07-11 15:00:00
2.25144,2.25317,2.24345,2.24566,2.25754663364295,2.2576274031767456,36.22951857676524,0.007514721839628549,GBPNZD,2025-07-11 19:00:00
2.24561,2.25017,2.24407,2.24829,2.256834584901185,2.257261230503148,39.85970651822774,0.007326092261011409,GBPNZD,2025-07-11 23:00:00
2.24822,2.24925,2.24169,2.24501,2.2559250014472476,2.25678079009126,37.02864072276113,0.007357279959543193,GBPNZD,2025-07-12 03:00:00
2.24516,2.24516,2.24516,2.24516,2.255096924412844,2.2563250728327793,37.24814577861597,0.006396309298270721,GBPNZD,2025-07-12 07:00:00
2.24812,2.2487,2.24475,2.24705,2.2544779302272406,2.255961344486396,40.08222736890487,0.006070134725167974,GBPNZD,2025-07-14 07:00:00
2.24677,2.25453,2.24644,2.25291,2.2543573202097607,2.255841683918302,47.933886576024975,0.006339450095145539,GBPNZD,2025-07-14 11:00:00
2.25288,2.2535,2.2477,2.25008,2.2540282955782405,2.255615735529349,44.87552501857806,0.006267523415792775,GBPNZD,2025-07-14 15:00:00
2.25015,2.25232,2.24881,2.2521,2.2538799651491455,2.255477863547806,47.452713003400284,0.005899853627020391,GBPNZD,2025-07-14 19:00:00
2.25207,2.25319,2.2465,2.24921,2.25352073706075,2.255232064977304,44.264219069741614,0.0060052064767509876,GBPNZD,2025-07-14 23:00:00
2.24922,2.24925,2.24644,2.24731,2.253042988056077,2.254921395762508,42.25404670853881,0.00557917894651749,GBPNZD,2025-07-15 03:00:00
2.24744,2.24911,2.24394,2.24711,2.252586604359456,2.2546150665169193,42.037635451062414,0.005524621753648507,GBPNZD,2025-07-15 07:00:00
2.24726,2.2479,2.24481,2.24705,2.252160711716421,2.254318397241746,41.96819097141829,0.005200005519828681,GBPNZD,2025-07-15 11:00:00
2.24719,2.24778,2.2416,2.24247,2.2514152723536194,2.2538537542126584,36.950349770630865,0.0053306714505181995,GBPNZD,2025-07-15 15:00:00
2.2423,2.24445,2.23919,2.24157,2.2506579437110337,2.253372038361182,36.038496330998356,0.005321248590449142,GBPNZD,2025-07-15 19:00:00
2.24142,2.25372,2.23995,2.25279,2.250821948040954,2.25334921332741,51.956157402416046,0.006447748778389264,GBPNZD,2025-07-15 23:00:00
2.25271,2.25285,2.24919,2.24919,2.2506964135762653,2.2531861069224135,47.842145333402264,0.006076048941270696,GBPNZD,2025-07-16 03:00:00
2.2495,2.25171,2.24502,2.24659,2.2503805356088606,2.252927436062711,45.06665696537608,0.006157909082434645,GBPNZD,2025-07-16 07:00:00
2.24657,2.2522,2.24597,2.25138,2.2504574174851024,2.252866752295546,50.736849395739185,0.0061675212047767455,GBPNZD,2025-07-16 11:00:00
2.25137,2.25468,2.25025,2.2532,2.250668385370864,2.2528798208329754,52.73320755131088,0.005935851710806533,GBPNZD,2025-07-16 15:00:00
2.25326,2.2562,2.24993,2.25465,2.25097466341926,2.252949239623839,54.32142555307393,0.005980404816032359,GBPNZD,2025-07-16 19:00:00
2.25476,2.26166,2.2541,2.25803,2.2515173816177785,2.253148485128787,57.87471220741409,0.006191017507228016,GBPNZD,2025-07-16 23:00:00
2.25803,2.2583,2.25498,2.25513,2.251795275339488,2.2532261915943246,53.99385203004457,0.005808215172930946,GBPNZD,2025-07-17 03:00:00
2.25417,2.2592,2.252,2.25799,2.252271792621066,2.2534130076102334,57.0525017291629,0.005993786483206833,GBPNZD,2025-07-17 07:00:00
2.25789,2.26393,2.25547,2.25944,2.252823193188677,2.253649360252969,58.556866338819496,0.006322614952112636,GBPNZD,2025-07-17 11:00:00
2.25945,2.2656,2.25738,2.26317,2.2536191014049325,2.2540227186744213,62.222691616101216,0.0065755996251643,GBPNZD,2025-07-17 15:00:00
2.26312,2.26668,2.26164,2.26449,2.254455324373784,2.2544332002950322,63.45466384694173,0.006370853008475748,GBPNZD,2025-07-17 19:00:00
2.26464,2.26624,2.26132,2.26182,2.255021837883493,2.254722878714835,59.24593923444904,0.006177405940678957,GBPNZD,2025-07-17 23:00:00
2.26192,2.26321,2.25903,2.25903,2.255330158046301,2.2548917854319,55.13102617807576,0.00591108514858841,GBPNZD,2025-07-18 03:00:00
2.25911,2.26247,2.25542,2.2559,2.2553739920427396,2.2549313232581003,50.86298377114106,0.0060629404621099555,GBPNZD,2025-07-18 07:00:00
2.2561,2.2566,2.25277,2.25454,2.2553098388086825,2.254915977247979,49.084869986433816,0.005765215067161992,GBPNZD,2025-07-18 11:00:00
2.25462,2.25599,2.25195,2.25226,2.255075235823399,2.25481182127747,46.17076365179224,0.005535186391540429,GBPNZD,2025-07-18 15:00:00
2.25241,2.25287,2.25008,2.25057,2.2547286792215995,2.2546454753450202,44.08169562389592,0.005169161539335048,GBPNZD,2025-07-18 19:00:00
2.25057,2.25114,2.24749,2.24916,2.2543003192814766,2.2544303586648238,42.35961065581622,0.0049666066674237,GBPNZD,2025-07-18 23:00:00
2.24917,2.2506,2.24743,2.24867,2.253867217798286,2.2542044622465953,41.749222182471556,0.004727059111767193,GBPNZD,2025-07-19 03:00:00
2.24831,2.24831,2.24831,2.24831,2.2534397395061103,2.253973306864376,41.27860210636546,0.004144784563531586,GBPNZD,2025-07-19 07:00:00
